{"cameraMode":{"drawMode":0,"name":"Shaded","section":"Shading Mode"},"sceneLighting":true,"audioPlay":false,"sceneViewState":{"m_AlwaysRefresh":false,"showFog":true,"showSkybox":true,"showFlares":true,"showImageEffects":true,"showParticleSystems":true,"showVisualEffectGraphs":true,"m_FxEnabled":true},"in2DMode":false,"pivot":{"x":-69.16984558105469,"y":1.0443439483642579,"z":107.3825912475586},"rotation":{"x":-0.03063686192035675,"y":0.26862186193466189,"z":-0.008540986105799675,"w":-0.9627389311790466},"size":73.21221160888672,"orthographic":false}